acc_x, acc_y, angular_z, stamp, 
0.0055672526359558105, 0.0018608570098876953, 2.5096711343988577e-11, 1791402472787112771, 
-0.014156341552734375, 0.0070618391036987305, -1.5317375128232332e-11, 1791402472818628221, 
0.009184718132019043, -0.014659464359283447, -4.98861530648112e-11, 1791402472848642425, 
0.014335274696350098, 0.031904518604278564, -1.0732184629128336e-10, 1791402472886590307, 
0.014289796352386475, -0.031166434288024902, -1.9919719140377316e-06, 1791402472916514851, 
-0.0106889009475708, 0.0011842846870422363, -1.962244463166227e-06, 1791402472946892432, 
0.0090828537940979, -0.0023966431617736816, -9.504709725163706e-11, 1791402472978656052, 
-0.017754018306732178, 0.024374425411224365, -1.1614150151791834e-10, 1791402473006470241, 
-0.008527636528015137, 0.02060765027999878, -9.5270781671322e-11, 1791402473036367216, 
-0.008366286754608154, 0.020294189453125, -6.813373214339898e-11, 1791402473066338352, 
-0.013570308685302734, 0.018073678016662598, -1.470058012413412e-11, 1791402473096258614, 
0.018813788890838623, -0.02362734079360962, 5.4013784377142864e-11, 1791402473126351587, 
-0.004365444183349609, -0.005966484546661377, 7.855190993482398e-11, 1791402473156306698, 
-0.03832584619522095, 0.001139521598815918, 1.8456752870123558e-10, 1791402473186682078, 
-0.009112000465393066, -0.013271987438201904, 3.202736421055617e-10, 1791402473219057875, 
0.019996225833892822, -0.0007799267768859863, -2.1954189896225145e-06, 1791402473246200787, 
0.010834693908691406, 0.0010553598403930664, 5.502358339116286e-10, 1791402473276023789, 
-0.02668464183807373, -0.01874697208404541, 4.718696917096616e-10, 1791402473306037429, 
-0.010287344455718994, -0.015072107315063477, 4.875877806614682e-10, 1791402473335960565, 
0.025783777236938477, -0.004287123680114746, 5.589142941776705e-10, 1791402473365937704, 
0.018730103969573975, 0.0010151863098144531, 6.164110131012222e-10, 1791402473395869865, 
0.004317760467529297, -0.020572662353515625, 5.601680471699082e-10, 1791402473426659569, 
-0.013444006443023682, -0.013258695602416992, 4.932149909131207e-10, 1791402473458922099, 
-0.0007535219192504883, 0.004863917827606201, 7.018485768586709e-10, 1791402473495734427, 
0.015259206295013428, 0.0012987852096557617, 4.380292811202962e-10, 1791402473525737751, 
0.02781856060028076, -0.0024471282958984375, 4.099131885372094e-10, 1791402473555690963, 
-0.020888209342956543, -0.015019536018371582, 3.19945770687258e-10, 1791402473586837596, 
-0.00824052095413208, 0.029820799827575684, 1.8568795722200312e-06, 1791402473618942259, 
0.04372948408126831, -0.0008347630500793457, 3.745162159516655e-10, 1791402473645718180, 
0.0038732290267944336, -0.0028137564659118652, 2.231438992895584e-10, 1791402473675625127, 
0.001759350299835205, -0.04234832525253296, 5.2035127033501474e-11, 1791402473698661378, 
-0.007608771324157715, -0.011411845684051514, -3.2601233346824284e-11, 1791402473735593228, 
0.010259926319122314, 0.02291625738143921, -4.071913949301282e-11, 1791402473765611850, 
0.042229652404785156, 0.0032404661178588867, -1.987435077996214e-06, 1791402473795603514, 
0.013230502605438232, 0.01585543155670166, -9.430948375399328e-11, 1791402473826698053, 
-0.00504225492477417, -0.00201416015625, -1.1276955148595211e-10, 1791402473858919566, 
-0.014013886451721191, 0.023181378841400146, -1.254713923033405e-10, 1791402473884519961, 
0.0038454532623291016, 0.014096558094024658, -1.1525678283464489e-10, 1791402473915431392, 
0.04857373237609863, 0.001424551010131836, -9.006364031470944e-11, 1791402473938150555, 
0.012400567531585693, -0.018425464630126953, -2.3077787332912285e-10, 1791402473965450446, 
-0.020034968852996826, -0.016507327556610107, -1.9888770184118045e-06, 1791402473995422656, 
-0.02720510959625244, 0.012476801872253418, -1.986208409137584e-06, 1791402474025433483, 
0.030536413192749023, 0.006935179233551025, -1.990918975310413e-06, 1791402474055373143, 
0.022863686084747314, -0.0019689202308654785, -1.986519166714355e-06, 1791402474085379354, 
-0.014978587627410889, -0.026951849460601807, -1.98634089716855e-06, 1791402474115387818, 
-0.034772634506225586, -0.008548378944396973, -1.901602935259363e-06, 1791402474146731218, 
0.01207125186920166, -0.0028142333030700684, -1.9828482136804294e-06, 1791402474176788285, 
0.03160214424133301, 0.008274197578430176, 3.150922935246802e-10, 1791402474205441839, 
-0.0028384923934936523, -0.029166221618652344, 4.667320633158271e-10, 1791402474235305481, 
0.0003306865692138672, -0.012502193450927734, -1.9858712131285186e-06, 1791402474265308523, 
0.0038146376609802246, 0.018473029136657715, 1.0119841341578993e-09, 1791402474295285930, 
-0.008901655673980713, 0.009616851806640625, 1.1170720134886417e-09, 1791402474325359139, 
-0.0036028027534484863, 0.006056487560272217, 1.0502312737738855e-09, 1791402474355450829, 
-0.010569989681243896, -0.010060489177703857, 9.38789055562079e-10, 1791402474386765828, 
-0.0013689398765563965, 0.013448596000671387, -2.134763241480036e-06, 1791402474414674101, 
-0.02065253257751465, 0.0045890212059021, 7.384949435146849e-10, 1791402474444593010, 
0.015532255172729492, -0.0024544596672058105, 5.324760538963443e-10, 1791402474473538396, 
-0.020333170890808105, -0.016579747200012207, 3.983940998410123e-10, 1791402474503549365, 
-0.025228023529052734, 0.006940066814422607, 2.254674051303592e-10, 1791402474534453769, 
0.009371757507324219, 0.005230844020843506, -7.068419769091546e-11, 1791402474564438115, 
0.0258292555809021, -0.012968361377716064, 3.9272821457984255e-06, 1791402474594790528, 
0.004123568534851074, 0.010250091552734375, -1.8658827062310313e-10, 1791402474627438226, 
-0.0011674761772155762, -0.01684468984603882, -2.0496333945809154e-10, 1791402474654313956, 
-0.02053999900817871, -0.02766120433807373, -2.371496317711153e-10, 1791402474684242183, 
-0.013094007968902588, 0.015428662300109863, 1.989206653386632e-06, 1791402474714201016, 
0.024755418300628662, -0.004335165023803711, -4.022412365949732e-10, 1791402474744120311, 
0.00327301025390625, -0.013212025165557861, 1.9928077669670798e-06, 1791402474774024069, 
-0.01280200481414795, 0.008574306964874268, -4.1912067577073097e-10, 1791402474804149835, 
-0.014499902725219727, -0.005511224269866943, 1.9429270678710316e-06, 1791402474834819649, 
0.034208834171295166, 0.009005188941955566, -5.884151262270606e-10, 1791402474866783233, 
0.03216540813446045, -0.03942990303039551, 2.1981607055096517e-06, 1791402474893891188, 
0.008472204208374023, -0.03384345769882202, -4.3263718794313063e-10, 1791402474923883318, 
-0.049060285091400146, 0.007708609104156494, 1.989899765768511e-06, 1791402474953831848, 
0.04536014795303345, 0.0214502215385437, 0.0005442474759578495, 1791402474983730093, 
0.243749737739563, 0.07220077514648438, 0.015073746706546215, 1791402475013718978, 
0.3489786386489868, 0.4232518672943115, 0.1485706957563286, 1791402475043706760, 
1.3633605241775513, 0.4318700432777405, 0.31260980817805967, 1791402475075575845, 
0.8173393607139587, -0.16826993227005005, 0.3909173592800745, 1791402475106782078, 
0.11027932167053223, 0.13827264308929443, 0.4955585287991773, 1791402475142542573, 
0.4616188406944275, 0.42114824056625366, 0.523706666397985, 1791402475173507639, 
0.47968727350234985, 0.28131651878356934, 0.5896480969020249, 1791402475203509568, 
0.29951852560043335, -0.020940840244293213, 0.6697415137242735, 1791402475234897048, 
0.6136682033538818, 0.35176706314086914, 0.7493024860927103, 1791402475266946159, 
0.8934497833251953, 0.38661909103393555, 0.9989503701794449, 1791402475293414664, 
0.7478122115135193, 0.013485252857208252, 0.9305266769096239, 1791402475323291026, 
0.13225257396697998, -0.04160010814666748, 0.9453166656467136, 1791402475353294871, 
0.569831907749176, -0.1669013500213623, 1.0265794129091665, 1791402475383270306, 
0.5906103253364563, 0.35251444578170776, 1.1275079627649558, 1791402475413203458, 
0.27282142639160156, 0.4034201502799988, 1.1708516595233105, 1791402475443161727, 
0.8597349524497986, 0.1770036220550537, 1.2261810602751682, 1791402475474039793, 
0.31548118591308594, 0.20317333936691284, 1.1669074347711728, 1791402475505886391, 
-0.0807616114616394, 0.696723222732544, 1.3166443653710644, 1791402475533012183, 
-0.45276081562042236, 0.13001060485839844, 1.2239203238487246, 1791402475562943628, 
0.09147793054580688, -0.12540149688720703, 1.217349451988337, 1791402475592943118, 
0.09221184253692627, 0.36132562160491943, 1.2317514899253514, 1791402475622915405, 
-0.28514260053634644, 0.6010991930961609, 1.1969638902795305, 1791402475652907458, 
0.02308255434036255, 0.21209758520126343, 1.2101821065594889, 1791402475683006571, 
-0.19079053401947021, 0.4765113592147827, 1.1197804902445947, 1791402475715285503, 
0.17719215154647827, -0.2257329821586609, 1.1943296166666537, 1791402475744886416, 
-0.5734423398971558, 0.11142921447753906, 1.246774685325917, 1791402475772761126, 
0.7641158103942871, -0.05247759819030762, 1.1320046274766231, 1791402475802803824, 
-0.7381505370140076, 0.1582862138748169, 1.0850086945831434, 1791402475832732872, 
0.34205031394958496, 0.36294883489608765, 1.1035695567177306, 1791402475862580410, 
-0.44111382961273193, 0.29313331842422485, 1.11079593212767, 1791402475892607386, 
0.28055912256240845, 0.17469710111618042, 1.0972953799635934, 1791402475923202771, 
-0.18906790018081665, 0.47137027978897095, 1.0584394827999195, 1791402475954913259, 
0.3844349980354309, -0.08193367719650269, 1.1813350031169791, 1791402475982466513, 
-0.19401943683624268, -0.04564082622528076, 1.0530969024833763, 1791402476012423450, 
0.12813186645507812, 0.586362898349762, 1.0781370498556935, 1791402476042340570, 
-0.22863554954528809, 0.3074697256088257, 1.0864353081486255, 1791402476072303525, 
0.01919996738433838, 0.44694429636001587, 1.1121730621039714, 1791402476102289070, 
-0.02426314353942871, 0.19118839502334595, 1.118561957414771, 1791402476132272359, 
-0.09470099210739136, -0.02083355188369751, 1.0377752205810178, 1791402476163388372, 
0.0780077576637268, 0.056254804134368896, 0.9813970868661851, 1791402476195229592, 
0.022010624408721924, 0.6227549314498901, 1.1407398521224446, 1791402476221182081, 
-0.5643408298492432, 0.2945546507835388, 0.9562914906228741, 1791402476252192590, 
0.5356200933456421, 0.2695714831352234, 1.0467032325097287, 1791402476282008868, 
-0.5118511319160461, 0.5134671330451965, 1.050126875667697, 1791402476312019040, 
0.42870694398880005, 0.09133946895599365, 1.0233564848970873, 1791402476341930822, 
0.11217164993286133, 0.7126542925834656, 1.0052009603905374, 1791402476371905025, 
0.4031198024749756, 0.4394094944000244, 0.9725579462197268, 1791402476403239168, 
-0.5946077704429626, -0.3841569423675537, 0.9610913479309381, 1791402476434910008, 
0.5067389607429504, 0.1304227113723755, 1.1407626162370652, 1791402476461817968, 
0.07714247703552246, 0.4107566475868225, 0.9922411424002427, 1791402476491761610, 
-0.0454716682434082, 0.904765248298645, 0.9600863547350945, 1791402476521686874, 
0.6086683869361877, 0.20823538303375244, 0.9320320080804925, 1791402476551682343, 
-0.659996747970581, -0.2666281461715698, 0.9452628032873294, 1791402476581610845, 
0.26747000217437744, 0.4617200493812561, 0.9585216982128351, 1791402476611631215, 
0.20870494842529297, 0.6119362115859985, 0.8940680672952886, 1791402476643396372, 
-0.1808851957321167, 0.6744419932365417, 0.9096293213139999, 1791402476674598727, 
0.06857448816299438, 0.37100785970687866, 1.0684777074878207, 1791402476701576927, 
0.04957813024520874, -0.41158610582351685, 0.8983779471875378, 1791402476731433807, 
-0.7415592074394226, 0.16013258695602417, 0.9134609881349667, 1791402476761390427, 
0.7417629361152649, 0.537253737449646, 0.9304841553947959, 1791402476791402231, 
-0.08341741561889648, 0.25590604543685913, 0.8974944041142506, 1791402476821348225, 
-0.29138362407684326, 0.47022801637649536, 0.9008977688281933, 1791402476851290567, 
-0.2103433609008789, -0.41184914112091064, 0.8731306353043625, 1791402476882972004, 
-0.03527730703353882, 0.18200427293777466, 0.9026302662293741, 1791402476913683279, 
0.43025684356689453, 0.7989464998245239, 1.035069039303862, 1791402476940175116, 
-0.01621270179748535, 0.631791889667511, 0.8482207468829529, 1791402476971103580, 
-0.3206026554107666, 0.6499945521354675, 0.8386722818384168, 1791402476992180645, 
0.18590444326400757, 0.572188138961792, 0.9239053941496832, 1791402477021198981, 
-0.14296120405197144, -0.11723554134368896, 0.8961391452154526, 1791402477051114551, 
-0.23084819316864014, -0.1145404577255249, 0.8876717568094817, 1791402477081060694, 
0.3272216320037842, 0.8206271529197693, 0.8776882150656025, 1791402477111059363, 
-0.04831099510192871, -0.10139346122741699, 0.8646158147723003, 1791402477141022084, 
-0.1565488576889038, 0.029977381229400635, 0.8479063557184899, 1791402477171265984, 
-0.1887812614440918, 0.9590663313865662, 0.8044300290457055, 1791402477203200746, 
0.24362856149673462, -0.047234177589416504, 0.9346681031927699, 1791402477230775509, 
0.05767405033111572, 0.1213638186454773, 0.8544361494058791, 1791402477260747454, 
-0.3447166681289673, 0.681564450263977, 0.8391768499087529, 1791402477290692658, 
-0.1021074652671814, -0.1866099238395691, 0.834048466373314, 1791402477320679672, 
-0.3870807886123657, -0.20328527688980103, 0.8300861467232471, 1791402477350602768, 
-0.11881130933761597, 0.5892998576164246, 0.8073631787967976, 1791402477380610637, 
0.6374786496162415, 0.37961357831954956, 0.783063064914065, 1791402477410983575, 
-0.2545337677001953, -0.17634516954421997, 0.7418056375304933, 1791402477443507598, 
-0.30390042066574097, -0.42219746112823486, 0.9377494887560431, 1791402477469543969, 
0.08800917863845825, 0.7317178249359131, 0.8424818296488997, 1791402477499555776, 
0.4600839614868164, 0.7005810141563416, 0.8034361708664826, 1791402477530382670, 
0.34409141540527344, -0.29387539625167847, 0.7734903403912873, 1791402477560349342, 
-0.11057764291763306, 0.3044395446777344, 0.7864346268064011, 1791402477590321879, 
-0.04516804218292236, 0.5642958283424377, 0.7836629379882482, 1791402477620253535, 
0.16662955284118652, -0.12175250053405762, 0.8083310101019442, 1791402477649549584, 
-0.30577796697616577, 0.08483999967575073, 0.7233435451455267, 1791402477683002804, 
0.6178815364837646, 0.8221545219421387, 0.8531419033994966, 1791402477710224767, 
-0.15705829858779907, 0.11368447542190552, 0.7845232621942027, 1791402477740090360, 
0.5019956231117249, -0.4758574962615967, 0.8120800418721302, 1791402477770098031, 
0.19160300493240356, 0.7266968488693237, 0.7972731107709503, 1791402477800053966, 
0.058923423290252686, 0.828068733215332, 0.7602805028838208, 1791402477829939263, 
0.0022251009941101074, -0.26874035596847534, 0.7166526554499758, 1791402477859919692, 
0.26358622312545776, -0.2858425974845886, 0.6840474080601531, 1791402477891343099, 
-0.24745267629623413, 0.6167477965354919, 0.713104427782692, 1791402477923045167, 
0.5504734516143799, 1.115315556526184, 0.8473749814266439, 1791402477949796913, 
-0.3299912214279175, 0.2778453230857849, 0.7337608727071966, 1791402477979831944, 
-0.41405171155929565, -0.4551934003829956, 0.7643710876629032, 1791402478009770365, 
0.40040820837020874, -0.0765148401260376, 0.7701564216186629, 1791402478039754126, 
-0.7752928733825684, 0.9471572041511536, 0.7603660489375379, 1791402478069717936, 
0.70973801612854, 0.4244779348373413, 0.7255960112655796, 1791402478099810443, 
-0.49948596954345703, -0.6656495332717896, 0.6729834140991268, 1791402478130914090, 
-0.611861526966095, 0.07622987031936646, 0.672439739312108, 1791402478162804200, 
0.29301023483276367, 1.2153260707855225, 0.8221258500211867, 1791402478189508791, 
-0.37790799140930176, -0.01959967613220215, 0.7044270158251226, 1791402478219485651, 
0.7478551864624023, -0.17710953950881958, 0.6888326626968087, 1791402478249396218, 
-0.6908150315284729, 0.039800941944122314, 0.7001267088395137, 1791402478279502391, 
-0.517562747001648, 0.2420060634613037, 0.7137322623069865, 1791402478309475950, 
0.3525876998901367, 0.445737361907959, 0.6997219056841858, 1791402478339478404, 
-0.11602038145065308, -0.5193758010864258, 0.6319173502031069, 1791402478371198996, 
-0.36659669876098633, -0.8769828081130981, 0.6602713665927202, 1791402478401417226, 
-0.019671499729156494, -0.4359411597251892, 0.7315812144391632, 1791402478429308795, 
0.1827164888381958, 0.4646100401878357, 0.6481876186208378, 1791402478459158360, 
0.025080621242523193, 0.007789909839630127, 0.5785857422810449, 1791402478481249335, 
0.34235525131225586, 0.3301404118537903, 0.6894798222684794, 1791402478519095510, 
-0.2446863055229187, -0.4816822409629822, 0.6857700515997243, 1791402478548982101, 
-0.037124574184417725, -0.3146072030067444, 0.6984933973109153, 1791402478578991998, 
-0.3589019179344177, 0.4593808054924011, 0.6218233047645041, 1791402478610935887, 
-0.7899717688560486, 1.026738166809082, 0.6727811797358642, 1791402478638928838, 
0.6251145005226135, 0.49764007329940796, 0.6672832712053243, 1791402478668864811, 
-0.04708129167556763, -0.7065842747688293, 0.6458124539023408, 1791402478698868325, 
-0.02131885290145874, -0.22232955694198608, 0.6295680549471028, 1791402478728755045, 
-0.16575747728347778, 0.641432523727417, 0.6273349115571132, 1791402478758749662, 
-0.5786980986595154, 0.6431990265846252, 0.6253259611192478, 1791402478788732658, 
-0.0221480131149292, 0.38340896368026733, 0.6339848319944044, 1791402478818954637, 
-0.5529855489730835, -0.2902607321739197, 0.5734650160678567, 1791402478851508911, 
0.3784875273704529, -0.3145851492881775, 0.6769519931085319, 1791402478878639780, 
-0.5451575517654419, 0.043285250663757324, 0.6477334416029685, 1791402478908578692, 
0.1969304084777832, 0.9426905512809753, 0.6788839136392492, 1791402478937530530, 
-0.06863939762115479, 0.7386906743049622, 0.6028230579120301, 1791402478968474878, 
0.077686607837677, -0.08234572410583496, 0.6165911707064261, 1791402478998443588, 
-0.15161871910095215, -0.4845600724220276, 0.6391975665624914, 1791402479028404020, 
-0.6548113226890564, -0.07303524017333984, 0.634788698637091, 1791402479058973655, 
0.4004160761833191, 0.923603355884552, 0.6118585491104761, 1791402479090241829, 
-0.09369075298309326, 0.4685054421424866, 0.6696982016749341, 1791402479118280040, 
-0.6388999819755554, -0.028240203857421875, 0.6439282995649254, 1791402479148201762, 
0.5829899311065674, 0.46200263500213623, 0.6554881094183443, 1791402479178210142, 
-0.6855402588844299, -0.33217841386795044, 0.6197762720969577, 1791402479208210546, 
-0.03947436809539795, 0.14115124940872192, 0.6043945565505174, 1791402479238072946, 
-0.7300218939781189, 0.35982418060302734, 0.5990003314192778, 1791402479268092805, 
0.33452028036117554, 0.065959632396698, 0.5873153431947951, 1791402479298608212, 
0.16897308826446533, 0.42406344413757324, 0.5330787979770428, 1791402479331208807, 
-0.5020022988319397, 0.041831254959106445, 0.6410495343219541, 1791402479358380724, 
0.2843538522720337, -0.2743179202079773, 0.6331408727068377, 1791402479387955872, 
-0.4471306800842285, 0.33796238899230957, 0.6466727064709491, 1791402479417908401, 
0.06293940544128418, -0.06370091438293457, 0.6043907843120827, 1791402479447793337, 
-0.9014186263084412, 0.44512343406677246, 0.5802025381469933, 1791402479477797411, 
0.6342920064926147, 0.6968134045600891, 0.566176286445713, 1791402479507725411, 
-0.3545445203781128, 0.1873270869255066, 0.5569689800145513, 1791402479539009797, 
-0.269498348236084, -0.026298940181732178, 0.5497241241686815, 1791402479570961891, 
0.06807291507720947, -0.370184063911438, 0.6454264819360868, 1791402479597680676, 
-0.6770010590553284, -0.14929485321044922, 0.6126475739940829, 1791402479626540620, 
0.06525522470474243, 0.444294273853302, 0.5915959493286296, 1791402479657661106, 
-0.4915529489517212, 0.6470198631286621, 0.5696426801518268, 1791402479687584181, 
-0.30295103788375854, 0.33739006519317627, 0.539221162766036, 1791402479717599191, 
0.1958640217781067, 0.6118187308311462, 0.5499255676715379, 1791402479747636438, 
-0.4005345106124878, 0.5154456496238708, 0.5267697062993079, 1791402479779206263, 
0.03979015350341797, 0.1594129204750061, 0.5374791858363889, 1791402479810213242, 
-0.0096360445022583, -0.6926397681236267, 0.6478726357274378, 1791402479836290076, 
0.49105769395828247, 0.06290572881698608, 0.5526401323484518, 1791402479867254741, 
0.5415021181106567, 0.6225067377090454, 0.5787802738954038, 1791402479897235030, 
-0.45990878343582153, 0.6266593337059021, 0.5468519828895936, 1791402479927152436, 
0.20706552267074585, 0.053340256214141846, 0.5370455273334723, 1791402479957171943, 
-0.12357443571090698, 0.21959078311920166, 0.5616237768532798, 1791402479987121150, 
0.27210378646850586, 0.6756299138069153, 0.5241575988239146, 1791402480019313055, 
-0.2411251664161682, 0.3758734464645386, 0.6118307725707967, 1791402480047091013, 
0.7349777817726135, -0.2414088249206543, 0.5619691962352793, 1791402480076990042, 
0.12462741136550903, -0.30931371450424194, 0.5343462720959176, 1791402480106976283, 
-0.5219650864601135, 0.14172953367233276, 0.5326716328028269, 1791402480136894314, 
0.4692404866218567, 1.1725640296936035, 0.5384313167654763, 1791402480166888200, 
-0.48852604627609253, 0.35592925548553467, 0.5418109656001646, 1791402480196964188, 
0.732767641544342, 0.5119340419769287, 0.5318505321990304, 1791402480227454333, 
-0.014504432678222656, 0.2177894115447998, 0.46409534442193057, 1791402480259462726, 
0.136957585811615, -0.5819224715232849, 0.5383565157328525, 1791402480286797326, 
0.42308497428894043, -0.08141469955444336, 0.5153779179495297, 1791402480316692999, 
-0.25573956966400146, 0.31857919692993164, 0.5053024182574098, 1791402480346609497, 
0.1383005976676941, -0.16531729698181152, 0.5229615008572138, 1791402480376596103, 
-0.4177146553993225, 0.07041239738464355, 0.5647679349056535, 1791402480405543971, 
0.17281585931777954, 0.06352412700653076, 0.510186480636692, 1791402480436509533, 
-0.3495022654533386, 0.47949904203414917, 0.4928481325164784, 1791402480467325671, 
0.12894457578659058, 0.6298578977584839, 0.45719097112322477, 1791402480499065213, 
-0.4951115846633911, 0.20161551237106323, 0.5564025931691639, 1791402480525423305, 
0.1581020951271057, -0.0026819705963134766, 0.5096177779383181, 1791402480556425623, 
-0.0176849365234375, -0.16692030429840088, 0.5185229241833302, 1791402480586301556, 
-0.12099039554595947, -0.34453392028808594, 0.5015942939378759, 1791402480616249456, 
-0.15882927179336548, 0.02145320177078247, 0.5153943852712071, 1791402480646258890, 
-0.03625380992889404, 0.19341903924942017, 0.4697951197162617, 1791402480676225082, 
-0.4674642086029053, 0.2737542390823364, 0.43537018687578133, 1791402480706526017, 
0.180486261844635, 0.5637580156326294, 0.39922171962110176, 1791402480739095255, 
-0.40057820081710815, 0.23296916484832764, 0.502183812462979, 1791402480766135160, 
-0.45369887351989746, 0.3884720206260681, 0.46268378082787015, 1791402480796034694, 
-0.001138448715209961, 0.6529513597488403, 0.4749144042137947, 1791402480825953796, 
-0.8697475790977478, 0.06623446941375732, 0.4607623585347271, 1791402480855990764, 
0.3019675612449646, -0.6474958658218384, 0.4978689739150784, 1791402480885968883, 
-0.13338381052017212, 0.19232410192489624, 0.5117600334512244, 1791402480916032753, 
0.8298641443252563, 0.23827314376831055, 0.44111849511537055, 1791402480947084729, 
-0.645373523235321, 0.0835113525390625, 0.43655225950388604, 1791402480978616906, 
0.24732232093811035, -0.2725796103477478, 0.48972786708768157, 1791402481006356133, 
-0.2913426160812378, 0.31717950105667114, 0.4252848844168504, 1791402481036062238, 
0.4124383330345154, 0.3847748637199402, 0.41790686078929196, 1791402481066084378, 
-0.5496017932891846, -0.003030717372894287, 0.4376156235137051, 1791402481095895841, 
-0.250823438167572, 0.00458836555480957, 0.4482812605916455, 1791402481125890437, 
0.1447046995162964, 0.7617778182029724, 0.42875387000424525, 1791402481155867004, 
-0.3400501608848572, 0.0021579861640930176, 0.4056972556187764, 1791402481187087960, 
0.17348581552505493, 0.7236202955245972, 0.4843665180740037, 1791402481217544073, 
-0.6286613941192627, 0.9686145782470703, 0.5299454787289305, 1791402481255741144, 
0.23867052793502808, -0.08184701204299927, 0.446201393251589, 1791402481285784429, 
-0.3807106018066406, 0.485365092754364, 0.4267482017427921, 1791402481315772433, 
0.756830632686615, 0.5542439818382263, 0.40187436637646057, 1791402481347771091, 
-0.46130019426345825, -0.11696445941925049, 0.4053070233251532, 1791402481377407794, 
-0.4935310482978821, -0.603755533695221, 0.41553113833089284, 1791402481405741058, 
0.2924903631210327, -0.19150984287261963, 0.41468381673575405, 1791402481435902709, 
-0.2917121648788452, -0.3083430528640747, 0.40008941184328317, 1791402481457183439, 
0.0019301772117614746, 0.16538196802139282, 0.4424718762530648, 1791402481495680308, 
-0.4415518641471863, -0.43122756481170654, 0.46174528001516374, 1791402481525670813, 
0.5109792947769165, -0.032031893730163574, 0.4761423159373952, 1791402481555683203, 
-0.8699798583984375, 0.283772349357605, 0.42919757225141586, 1791402481587126300, 
0.06532019376754761, -0.09646892547607422, 0.4891634834162855, 1791402481614993504, 
-0.1716243028640747, 0.41646379232406616, 0.42598952950087693, 1791402481644969306, 
0.028686940670013428, 0.6655863523483276, 0.37933142026256544, 1791402481674875093, 
-0.3399060368537903, 0.40953528881073, 0.39857501678555274, 1791402481704838186, 
-0.18465250730514526, 0.2787664532661438, 0.4224253499188788, 1791402481734851282, 
0.3456154465675354, 0.40748322010040283, 0.3852289447750224, 1791402481764795366, 
-0.2538145184516907, 0.5451544523239136, 0.3728229337808677, 1791402481795841360, 
0.13999080657958984, 0.738203763961792, 0.38804454711966874, 1791402481827405714, 
0.22827249765396118, 0.09291380643844604, 0.48672842507912384, 1791402481854672483, 
0.21013015508651733, -0.63420170545578, 0.44314053558900746, 1791402481885041580, 
0.18295788764953613, -0.07345503568649292, 0.4373298895536106, 1791402481914565646, 
0.41792935132980347, 0.0898979902267456, 0.42552741199356525, 1791402481943547170, 
-0.1738179326057434, 0.25844478607177734, 0.40535580836017004, 1791402481974500516, 
0.5754104256629944, -0.07829862833023071, 0.3996740602196953, 1791402482004482283, 
-0.6951451301574707, -0.43102318048477173, 0.38617247760698187, 1791402482035213008, 
0.34981149435043335, 0.13075602054595947, 0.4054796783922666, 1791402482067165285, 
-0.25498896837234497, 0.5145137310028076, 0.45995074315422046, 1791402482094335459, 
-0.25280117988586426, 0.5698586702346802, 0.38691925725188236, 1791402482124252148, 
0.12055844068527222, 0.17209988832473755, 0.3929616957197372, 1791402482154258646, 
-0.22043120861053467, -0.16638004779815674, 0.40670430173175187, 1791402482184359864, 
-0.5908137559890747, 0.8212223649024963, 0.40291449849542443, 1791402482214156743, 
0.07729977369308472, 0.5671039819717407, 0.38052765556557633, 1791402482244212915, 
-0.037652671337127686, 0.09350019693374634, 0.39745556287460015, 1791402482275210341, 
-0.346677303314209, 0.48161906003952026, 0.4042812562709164, 1791402482307578685, 
0.1290147304534912, 0.36435335874557495, 0.45772909531687644, 1791402482334158366, 
0.3608825206756592, 0.4941691756248474, 0.4233627773552349, 1791402482363944190, 
-0.06184953451156616, 0.8438265323638916, 0.4208417498341937, 1791402482393889512, 
-0.018604397773742676, 0.03935098648071289, 0.3949874644357017, 1791402482423884278, 
-0.10889405012130737, 0.09749788045883179, 0.3939756108356538, 1791402482453977984, 
0.4240185022354126, 0.5587148666381836, 0.4295267931396887, 1791402482483826021, 
0.5894156098365784, 0.4517005681991577, 0.4037770848520458, 1791402482515142212, 
-0.3035573363304138, -0.2619898319244385, 0.4135926006030672, 1791402482546723599, 
0.2026028037071228, -0.10683315992355347, 0.5015986793116665, 1791402482573739006, 
-0.024425625801086426, -0.23246687650680542, 0.42684317608480915, 1791402482603618821, 
0.021879732608795166, -0.4041498899459839, 0.415698305816934, 1791402482633617166, 
0.3406546711921692, -0.029050886631011963, 0.4233771930658223, 1791402482662547614, 
-0.2934972047805786, 0.10694503784179688, 0.3882353274408093, 1791402482693490241, 
0.006552457809448242, -0.06709414720535278, 0.39357599003395205, 1791402482722477451, 
-0.3793260455131531, 0.059441983699798584, 0.3079199223673616, 1791402482755807284, 
0.12410235404968262, -0.3309031128883362, 0.3614513235462846, 1791402482784978782, 
-0.23463404178619385, 0.36710458993911743, 0.40571438972361923, 1791402482813341500, 
-0.41524791717529297, 0.5163358449935913, 0.3958108864981563, 1791402482843319775, 
-0.2063261866569519, -0.04161834716796875, 0.4074701924155857, 1791402482873263337, 
-0.20690011978149414, 0.041258275508880615, 0.42628162784320545, 1791402482903216200, 
0.12752872705459595, 0.41311824321746826, 0.39787438421323745, 1791402482933221682, 
-0.09219545125961304, 0.9067153334617615, 0.3948912512140421, 1791402482963363625, 
-0.08180022239685059, 0.3384583592414856, 0.3874329666864396, 1791402482995327896, 
-0.05798083543777466, -0.16980671882629395, 0.4167622444462101, 1791402483023129457, 
0.37450116872787476, 0.4973914623260498, 0.36850964118800555, 1791402483053104949, 
0.5340030789375305, 0.2512199282646179, 0.3893173249411914, 1791402483082994131, 
0.5702431797981262, 0.3195911645889282, 0.39736366815404994, 1791402483112996670, 
0.26664435863494873, 0.38269054889678955, 0.34957870841310174, 1791402483142917880, 
0.20250087976455688, -0.23011749982833862, 0.33282758834825654, 1791402483172917018, 
-0.27303147315979004, 0.13398408889770508, 0.3623337284952531, 1791402483203765511, 
0.18402820825576782, 0.30836135149002075, 0.35710977013101575, 1791402483235255039, 
-0.05009007453918457, 0.1930694580078125, 0.40827543914886794, 1791402483262850765, 
-0.2965291738510132, 0.12142091989517212, 0.3861106164728501, 1791402483292690475, 
-0.40081167221069336, -0.025577187538146973, 0.4143407628358785, 1791402483322686840, 
0.37476879358291626, 0.05173027515411377, 0.40377892570231655, 1791402483352651369, 
0.23942124843597412, -0.38515704870224, 0.375535561767774, 1791402483382567369, 
-0.11830270290374756, -0.13554096221923828, 0.3790782531351604, 1791402483411558485, 
0.016988694667816162, 0.0473172664642334, 0.32843317371288655, 1791402483442419392, 
-0.438896119594574, -0.23268944025039673, 0.28832183060271943, 1791402483475584663, 
-0.40490806102752686, -0.35750770568847656, 0.37340098637520924, 1791402483502449532, 
-0.21239197254180908, -0.19895929098129272, 0.37539397717124645, 1791402483532480865, 
0.008473873138427734, 0.1939895749092102, 0.37253965853429105, 1791402483562395519, 
0.264506459236145, -0.6102213263511658, 0.3906085765311939, 1791402483590525607, 
0.17695468664169312, -0.4241485595703125, 0.36621276681727205, 1791402483622445934, 
0.5635167956352234, 0.3676906228065491, 0.3662585675603856, 1791402483652297449, 
-0.297809898853302, 0.07441961765289307, 0.31269402925421225, 1791402483683408619, 
0.007655084133148193, -0.08656185865402222, 0.341670417072268, 1791402483715162714, 
0.011254191398620605, -0.4505801796913147, 0.4064944669158344, 1791402483742186301, 
-0.3544609546661377, -0.5587642788887024, 0.3377099552112625, 1791402483772043333, 
0.22066199779510498, 0.433130145072937, 0.34450648635190023, 1791402483802052336, 
-0.30421149730682373, 0.0016078948974609375, 0.345402956064621, 1791402483832009866, 
0.09673130512237549, -0.40956300497055054, 0.34602091439813065, 1791402483861973504, 
-0.24161791801452637, -0.30499064922332764, 0.3690894669505327, 1791402483891933139, 
-0.24720323085784912, -0.2950708866119385, 0.348869783135567, 1791402483923984134, 
0.2244759202003479, 0.06083112955093384, 0.36356479563708194, 1791402483955291048, 
-0.597856879234314, 0.40331876277923584, 0.4442267703513651, 1791402483981832645, 
0.38441717624664307, -0.17973631620407104, 0.38768148696552374, 1791402484011751525, 
0.2457258105278015, 0.392935574054718, 0.3330985315580011, 1791402484034816957, 
-0.10127568244934082, -0.19222062826156616, 0.3655128562741743, 1791402484071654234, 
-0.459656298160553, -0.17495203018188477, 0.30802879817194734, 1791402484101649771, 
0.11627864837646484, 0.15316808223724365, 0.325430114586675, 1791402484131681226, 
0.19922137260437012, 0.1326369047164917, 0.3071559415923114, 1791402484162843286, 
-0.724158763885498, -0.3192727565765381, 0.3236555018467984, 1791402484194059514, 
0.4168781042098999, 0.18235301971435547, 0.413030221853649, 1791402484220544992, 
-0.3059261441230774, 0.32523101568222046, 0.37363326259531277, 1791402484250549524, 
-0.11027437448501587, 0.07201308012008667, 0.3351817001096353, 1791402484281398340, 
-0.5963977575302124, 0.0023068785667419434, 0.3474830940257209, 1791402484311380608, 
-0.05646878480911255, 0.3744485378265381, 0.35588878465586843, 1791402484341342851, 
-0.2212504744529724, -0.12352508306503296, 0.3178133956522393, 1791402484371803587, 
-0.22634339332580566, 0.26047056913375854, 0.3030357902909543, 1791402484403454765, 
0.21056807041168213, 0.28141313791275024, 0.34872587956927936, 1791402484431271864, 
-0.38397395610809326, 0.6924467086791992, 0.3017415710059473, 1791402484461146965, 
-0.26412081718444824, 0.06671041250228882, 0.29008557943333313, 1791402484491115452, 
0.09377455711364746, -0.12280642986297607, 0.3328191890058562, 1791402484521091682, 
0.05844825506210327, 0.2664529085159302, 0.376083330281195, 1791402484551067515, 
0.14274752140045166, 0.7091802358627319, 0.35944723037465737, 1791402484581009532, 
-0.11736267805099487, 0.1346096396446228, 0.36173140484778993, 1791402484611715643, 
0.44290828704833984, 0.753451406955719, 0.3690379070538032, 1791402484643804993, 
-0.091560959815979, -0.31535816192626953, 0.336969974201332, 1791402484670888227, 
-0.10575598478317261, 0.3366609811782837, 0.3074941706382876, 1791402484700895670, 
0.21237677335739136, 0.64656001329422, 0.33453215443542755, 1791402484730821976, 
