x, y, th, stamp, 
-1.4133238792419434, -0.11603344231843948, -2.1047179112153986, 1791402472831410730, 
-1.4133238792419434, -0.11603344231843948, -2.1047179112153986, 1791402472880318131, 
-1.4133238792419434, -0.11603344231843948, -2.1047179112153986, 1791402472929082428, 
-1.4133238792419434, -0.11603344231843948, -2.1047179112153986, 1791402472976217477, 
-1.4133238792419434, -0.11603344231843948, -2.1047179112153986, 1791402473022737600, 
-1.4133238792419434, -0.11603344231843948, -2.1047179112153986, 1791402473071801204, 
-1.4133238792419434, -0.11603344231843948, -2.1047179112153986, 1791402473134625905, 
-1.4133238792419434, -0.11603344231843948, -2.1047179112153986, 1791402473182847500, 
-1.4133238792419434, -0.11603344231843948, -2.1047179112153986, 1791402473231417458, 
-1.4133238792419434, -0.11603344231843948, -2.1047179112153986, 1791402473279417451, 
-1.4133238792419434, -0.11603344231843948, -2.1047179112153986, 1791402473328301568, 
-1.4133238792419434, -0.11603344231843948, -2.1047179112153986, 1791402473375423033, 
-1.4133238792419434, -0.11603344231843948, -2.1047179112153986, 1791402473422729294, 
-1.4133238792419434, -0.11603344231843948, -2.1047179112153986, 1791402473488342180, 
-1.4133238792419434, -0.11603344231843948, -2.1047179112153986, 1791402473535340229, 
-1.4133238792419434, -0.11603344231843948, -2.1047179112153986, 1791402473583226958, 
-1.4133238792419434, -0.11603344231843948, -2.1047179112153986, 1791402473631227100, 
-1.4133238792419434, -0.11603344231843948, -2.1047179112153986, 1791402473679261476, 
-1.4133238792419434, -0.11603344231843948, -2.1047179112153986, 1791402473728263014, 
-1.4133238792419434, -0.11603344231843948, -2.1047179112153986, 1791402473775423554, 
-1.4133238792419434, -0.11603344231843948, -2.1047179112153986, 1791402473822772953, 
-1.4133238792419434, -0.11603344231843948, -2.1047179112153986, 1791402473871997258, 
-1.4133238792419434, -0.11603344231843948, -2.1047179112153986, 1791402473935322677, 
-1.4133238792419434, -0.11603344231843948, -2.1047179112153986, 1791402473983229243, 
-1.4133238792419434, -0.11603344231843948, -2.1047179112153986, 1791402474031215336, 
-1.4133238792419434, -0.11603344231843948, -2.1047179112153986, 1791402474079208532, 
-1.4133238792419434, -0.11603344231843948, -2.1047179112153986, 1791402474128225652, 
-1.4133238792419434, -0.11603344231843948, -2.1047179112153986, 1791402474174711719, 
-1.4133238792419434, -0.11603344231843948, -2.1047179112153986, 1791402474223241759, 
-1.4133238792419434, -0.11603344231843948, -2.1047179112153986, 1791402474271401524, 
-1.4133238792419434, -0.11603344231843948, -2.1047179112153986, 1791402474337231821, 
-1.4133238792419434, -0.11603344231843948, -2.1047179112153986, 1791402474383404424, 
-1.4133238792419434, -0.11603344231843948, -2.1047179112153986, 1791402474431211351, 
-1.4133238792419434, -0.11603344231843948, -2.1047179112153986, 1791402474479236471, 
-1.4133238792419434, -0.11603344231843948, -2.1047179112153986, 1791402474528194150, 
-1.4133238792419434, -0.11603344231843948, -2.1047179112153986, 1791402474576282283, 
-1.4133238792419434, -0.11603344231843948, -2.1047179112153986, 1791402474622896166, 
-1.4133238792419434, -0.11603344231843948, -2.1047179112153986, 1791402474671150256, 
-1.4133238792419434, -0.11603344231843948, -2.1047179112153986, 1791402474736346828, 
-1.4133238792419434, -0.11603344231843948, -2.1047179112153986, 1791402474783403493, 
-1.4133238792419434, -0.11603344231843948, -2.1047179112153986, 1791402474831215139, 
-1.4133238792419434, -0.11603344231843948, -2.1047179112153986, 1791402474879231668, 
-1.4133238792419434, -0.11603344231843948, -2.1047179112153986, 1791402474927223928, 
-1.4133238792419434, -0.11603344231843948, -2.1047179112153986, 1791402474976346277, 
-1.4135106801986694, -0.11609482765197754, -2.1031337081389205, 1791402475022559997, 
-1.4147542715072632, -0.11871657520532608, -2.084510881163865, 1791402475086931506, 
-1.41692316532135, -0.12249160557985306, -2.0631775359187547, 1791402475136293276, 
-1.4196515083312988, -0.1272391378879547, -2.037829642323959, 1791402475183462735, 
-1.422350287437439, -0.13355658948421478, -2.006022877521176, 1791402475231217361, 
-1.425838828086853, -0.14111249148845673, -1.9658395255531198, 1791402475280220543, 
-1.4293986558914185, -0.14997252821922302, -1.922903211650038, 1791402475327230118, 
-1.4328994750976562, -0.1602465957403183, -1.874750893111, 1791402475376264285, 
-1.4362796545028687, -0.17172689735889435, -1.8222441672499128, 1791402475423092710, 
-1.4395047426223755, -0.18466868996620178, -1.7629918565875575, 1791402475471135399, 
-1.4428173303604126, -0.2037089765071869, -1.685426153742616, 1791402475534693154, 
-1.4443484544754028, -0.21814888715744019, -1.6270795866142276, 1791402475583248150, 
-1.4448175430297852, -0.2331351786851883, -1.5673190242083404, 1791402475632248136, 
-1.4444230794906616, -0.24737150967121124, -1.5093072153720686, 1791402475680334279, 
-1.4434081315994263, -0.2615557909011841, -1.4530056356953152, 1791402475727238221, 
-1.4415403604507446, -0.2758929133415222, -1.3971368502713861, 1791402475775236857, 
-1.4388046264648438, -0.2904520630836487, -1.3437910085056175, 1791402475822928759, 
-1.4350217580795288, -0.3053164780139923, -1.2892837297456348, 1791402475871943092, 
-1.4291692972183228, -0.32389673590660095, -1.218614835850509, 1791402475934754248, 
-1.4235950708389282, -0.33826541900634766, -1.163918409812854, 1791402475985425013, 
-1.4175208806991577, -0.35169556736946106, -1.1139075219292, 1791402476032250614, 
-1.410448431968689, -0.3653484582901001, -1.0616459473374185, 1791402476080236780, 
-1.4030019044876099, -0.3782052993774414, -1.0093604281612354, 1791402476127210862, 
-1.394237756729126, -0.3912639021873474, -0.9578501346267607, 1791402476175228987, 
-1.3846710920333862, -0.404267281293869, -0.9085485408380045, 1791402476223969306, 
-1.3713384866714478, -0.4203607738018036, -0.8443202537243588, 1791402476287296602, 
-1.3636444807052612, -0.42859789729118347, -0.8101034465856584, 1791402476320460959, 
-1.348268985748291, -0.4436809718608856, -0.7452799556466599, 1791402476383681614, 
-1.3360908031463623, -0.4543762803077698, -0.6974420546979176, 1791402476431238161, 
-1.3227660655975342, -0.4650011658668518, -0.6480434367988138, 1791402476480254269, 
-1.309537410736084, -0.4749002456665039, -0.6019113635158341, 1791402476528240852, 
-1.2956418991088867, -0.483940064907074, -0.557747504551251, 1791402476575295502, 
-1.281267762184143, -0.49275121092796326, -0.5110317694272529, 1791402476623917424, 
-1.2665064334869385, -0.5007691979408264, -0.46456573696589876, 1791402476672237124, 
-1.2466009855270386, -0.5101607441902161, -0.4063299688772985, 1791402476734791115, 
-1.2312039136886597, -0.5166838765144348, -0.36112075208617284, 1791402476784252879, 
-1.2151771783828735, -0.5224416255950928, -0.31788979388610267, 1791402476832257459, 
-1.199121117591858, -0.527447521686554, -0.27401707212184545, 1791402476880242668, 
-1.1828432083129883, -0.531883955001831, -0.22933267544211788, 1791402476928261255, 
-1.1664937734603882, -0.5353755354881287, -0.18818644305053572, 1791402476975237254, 
-1.1494154930114746, -0.538422703742981, -0.14459158493423513, 1791402477024181854, 
-1.132027268409729, -0.5406324863433838, -0.10096504419099933, 1791402477073253377, 
-1.1098837852478027, -0.5422794222831726, -0.04685739726261217, 1791402477135465479, 
-1.0924187898635864, -0.5428553223609924, -0.004854364325266076, 1791402477184249970, 
-1.0748448371887207, -0.5426214933395386, 0.03727154819361355, 1791402477233260894, 
-1.0576831102371216, -0.5417367219924927, 0.0769749764419034, 1791402477280264263, 
-1.0403767824172974, -0.5400067567825317, 0.11703182467391492, 1791402477328247336, 
-1.0239249467849731, -0.5379907488822937, 0.1553527735594081, 1791402477374559398, 
-1.0062097311019897, -0.5349256992340088, 0.195231630592606, 1791402477423967487, 
-0.9884245991706848, -0.5309072136878967, 0.23518978600311333, 1791402477473382211, 
-0.9665199518203735, -0.5252472162246704, 0.2862901411535694, 1791402477534695907, 
-0.9497554898262024, -0.5200249552726746, 0.3239384811642923, 1791402477583350792, 
-0.9327168464660645, -0.5139938592910767, 0.36285874531931117, 1791402477632266905, 
-0.9163320064544678, -0.5075777769088745, 0.4009251628161914, 1791402477680270052, 
-0.9004672169685364, -0.5004531741142273, 0.4379947958601754, 1791402477728267748, 
-0.8847566843032837, -0.4928225874900818, 0.47660238991523596, 1791402477776255872, 
-0.8689939379692078, -0.484384685754776, 0.513830102892573, 1791402477823982021, 
-0.853398323059082, -0.4751858413219452, 0.5484662910124463, 1791402477871816533, 
-0.8339472413063049, -0.4628596901893616, 0.5953443194715724, 1791402477934591225, 
-0.8189635276794434, -0.45226243138313293, 0.6317912528924606, 1791402477984344216, 
-0.8046792149543762, -0.44122588634490967, 0.6685211284829846, 1791402478032273424, 
-0.7905150651931763, -0.4297952353954315, 0.7047262362934509, 1791402478079828416, 
-0.7770054340362549, -0.4177984595298767, 0.7392628665583105, 1791402478128231950, 
-0.7643521428108215, -0.4060676097869873, 0.7733978201120765, 1791402478175253166, 
-0.7516467571258545, -0.3932547867298126, 0.8081357106470806, 1791402478223864210, 
-0.7356059551239014, -0.37529346346855164, 0.852147578170091, 1791402478287399880, 
-0.7241279482841492, -0.361716091632843, 0.8858577837897298, 1791402478334579182, 
-0.7129395008087158, -0.34746867418289185, 0.9181223799103706, 1791402478383484787, 
-0.7017267346382141, -0.33235931396484375, 0.9517289738280302, 1791402478433278599, 
-0.6914094686508179, -0.31795239448547363, 0.9820004675708135, 1791402478480277860, 
-0.6816673278808594, -0.3026302754878998, 1.0135970244330903, 1791402478528239740, 
-0.6722254157066345, -0.2871357202529907, 1.0467578623157976, 1791402478576256535, 
-0.6633039116859436, -0.27125847339630127, 1.0780787875311117, 1791402478624049846, 
-0.6548411250114441, -0.2550871670246124, 1.1095876198721308, 1791402478672138934, 
-0.6442737579345703, -0.23311559855937958, 1.1501401139506064, 1791402478736406396, 
-0.6371521949768066, -0.2164623737335205, 1.180203170972214, 1791402478784276888, 
-0.630109429359436, -0.19928041100502014, 1.2106177511525678, 1791402478832277710, 
-0.6238014698028564, -0.1819605678319931, 1.2408665542044528, 1791402478881282561, 
-0.6181426644325256, -0.1647581309080124, 1.2717836986897628, 1791402478928292988, 
-0.6128143072128296, -0.14723767340183258, 1.3019877884602378, 1791402478976259198, 
-0.6081029772758484, -0.12962043285369873, 1.3323350957976634, 1791402479024014647, 
-0.6037376523017883, -0.11120662093162537, 1.363195163339065, 1791402479072346819, 
-0.5993427038192749, -0.08651429414749146, 1.4037444368389824, 1791402479136323336, 
-0.5964716672897339, -0.06861347705125809, 1.4346708538097412, 1791402479184279372, 
-0.5942118763923645, -0.049842122942209244, 1.4641206694278845, 1791402479232289311, 
-0.59250408411026, -0.03149664029479027, 1.4929020910026571, 1791402479280285115, 
-0.5910356044769287, -0.013016202487051487, 1.5209369129612864, 1791402479328297005, 
-0.5903926491737366, 0.0055838217958807945, 1.5497156984692715, 1791402479376267142, 
-0.590014636516571, 0.02434498816728592, 1.5800039560729566, 1791402479424048745, 
-0.5903656482696533, 0.04337324947118759, 1.608500215854034, 1791402479472276482, 
-0.591536819934845, 0.06842426210641861, 1.6452556133483511, 1791402479536427177, 
-0.593119204044342, 0.08711482584476471, 1.6731198564532723, 1791402479584303000, 
-0.5953461527824402, 0.10577408969402313, 1.7014664658526615, 1791402479632286327, 
-0.5977163314819336, 0.12437161058187485, 1.7297470539692508, 1791402479680287344, 
-0.6007406711578369, 0.14269253611564636, 1.7559827573396978, 1791402479728272424, 
-0.6043251752853394, 0.16145922243595123, 1.7830639955479741, 1791402479776280447, 
-0.6083711385726929, 0.17979460954666138, 1.810220817714094, 1791402479824065093, 
-0.6144770383834839, 0.20395058393478394, 1.8464718930957675, 1791402479887939854, 
-0.6199015378952026, 0.22205661237239838, 1.8728001206796634, 1791402479935935172, 
-0.6255062818527222, 0.239972323179245, 1.8993158783536974, 1791402479983834894, 
-0.6316794753074646, 0.2578205168247223, 1.926357313616957, 1791402480031802815, 
-0.6384415030479431, 0.2755310833454132, 1.95320903565865, 1791402480079796166, 
-0.6457023024559021, 0.29340383410453796, 1.9793466877769859, 1791402480128660184, 
-0.6532237529754639, 0.31024369597435, 2.0046164473567343, 1791402480175653149, 
-0.6611722111701965, 0.32722237706184387, 2.030513715341295, 1791402480224134515, 
-0.6697026491165161, 0.34417665004730225, 2.054455316795926, 1791402480272375577, 
-0.6816471815109253, 0.36658775806427, 2.0868030163416287, 1791402480336410681, 
-0.6910901069641113, 0.38313254714012146, 2.1119941840927625, 1791402480384296629, 
-0.7009170651435852, 0.39913901686668396, 2.137738364844035, 1791402480432009904, 
-0.7112413048744202, 0.41543257236480713, 2.162144837555594, 1791402480479639599, 
-0.7220517992973328, 0.43141546845436096, 2.1866464179014837, 1791402480528646634, 
-0.7327664494514465, 0.44654643535614014, 2.2107331188036343, 1791402480576106657, 
-0.7442216873168945, 0.4615239202976227, 2.2350653894007473, 1791402480624092255, 
-0.7559135556221008, 0.4763737618923187, 2.2584195434960845, 1791402480671821266, 
-0.7725821137428284, 0.49625369906425476, 2.2866728448642535, 1791402480735565414, 
-0.7853066921234131, 0.5106874108314514, 2.308505620140584, 1791402480783557204, 
-0.7978371977806091, 0.5245068073272705, 2.3309607880684964, 1791402480831534850, 
-0.810825765132904, 0.5379958748817444, 2.354003271200901, 1791402480880508469, 
-0.8241676688194275, 0.5513309836387634, 2.3778474594308805, 1791402480928365717, 
-0.8381711840629578, 0.564671516418457, 2.3999097097856765, 1791402480976476864, 
-0.8525182008743286, 0.5777599811553955, 2.4209705704991906, 1791402481024197572, 
-0.871993362903595, 0.594388484954834, 2.4482049779282717, 1791402481087798758, 
-0.8819283246994019, 0.6026151776313782, 2.4624494064187816, 1791402481119891488, 
-0.9017980694770813, 0.618319571018219, 2.489983325804609, 1791402481184429182, 
-0.9165410399436951, 0.6297393441200256, 2.5137007735826375, 1791402481232293453, 
-0.9320525527000427, 0.640801727771759, 2.536326323724748, 1791402481280312737, 
-0.947721004486084, 0.651620626449585, 2.5569892456196284, 1791402481328337619, 
-0.9640167951583862, 0.6623262763023376, 2.5766829647230742, 1791402481375803141, 
-0.9802425503730774, 0.6723297238349915, 2.5960035550588096, 1791402481423694696, 
-0.9965378046035767, 0.6822366118431091, 2.6163212593466487, 1791402481472487630, 
-1.0191863775253296, 0.6948332786560059, 2.6452591815943722, 1791402481536305940, 
-1.036435842514038, 0.7041826844215393, 2.6672678160136956, 1791402481583522917, 
-1.0533915758132935, 0.7128852605819702, 2.6890413377890403, 1791402481632282912, 
-1.0707741975784302, 0.7211771011352539, 2.7079246530708283, 1791402481680310566, 
-1.088539958000183, 0.7291683554649353, 2.7276394462687663, 1791402481728298842, 
-1.106887698173523, 0.7371839880943298, 2.7466667083969316, 1791402481777292540, 
-1.1244242191314697, 0.7442381381988525, 2.76564008685237, 1791402481824481420, 
-1.1422998905181885, 0.7512606978416443, 2.7868385798018247, 1791402481872366984, 
-1.1668002605438232, 0.7600283622741699, 2.8148608566813214, 1791402481937046050, 
-1.1847020387649536, 0.7662505507469177, 2.8347037555926486, 1791402481984296239, 
-1.2036527395248413, 0.7720777988433838, 2.853635764308975, 1791402482032266476, 
-1.2223013639450073, 0.7774987816810608, 2.8739035403931092, 1791402482080285006, 
-1.2411694526672363, 0.7825348377227783, 2.8928136389043675, 1791402482128312315, 
-1.2601035833358765, 0.787172794342041, 2.912113871968482, 1791402482176292417, 
-1.278782844543457, 0.7914783358573914, 2.931086544661279, 1791402482224341635, 
-1.2975361347198486, 0.7952228784561157, 2.9504318303658885, 1791402482271797678, 
-1.3229142427444458, 0.7999533414840698, 2.977207889852432, 1791402482335899931, 
-1.3424348831176758, 0.8031987547874451, 2.997384550931508, 1791402482384298180, 
-1.361835241317749, 0.8057624101638794, 3.0165307453554444, 1791402482432319733, 
-1.3809545040130615, 0.8080878257751465, 3.0364146340585787, 1791402482480393619, 
-1.4004641771316528, 0.8100619912147522, 3.056819436770539, 1791402482528309588, 
-1.4196645021438599, 0.8116645216941833, 3.078155045202502, 1791402482576405621, 
-1.4390802383422852, 0.8128295540809631, 3.0984246707715064, 1791402482624211133, 
-1.458514928817749, 0.8135573267936707, 3.1183419221724673, 1791402482671990648, 
-1.4781248569488525, 0.8140600323677063, 3.1369943618254097, 1791402482719876293, 
-1.5043221712112427, 0.8137529492378235, -3.1236283779137635, 1791402482784367214, 
-1.524120569229126, 0.8133390545845032, -3.105087757264323, 1791402482832295607, 
-1.5435609817504883, 0.8125483989715576, -3.0854187043980255, 1791402482880330068, 
-1.563302755355835, 0.8113918304443359, -3.065827837883332, 1791402482928335641, 
-1.5829143524169922, 0.8098376989364624, -3.0465054510359733, 1791402482976396693, 
-1.6029305458068848, 0.8078400492668152, -3.0273149035390197, 1791402483025327965, 
-1.6282153129577637, 0.8046561479568481, -3.0031936450929893, 1791402483088121124, 
-1.6481640338897705, 0.8018358945846558, -2.985349678362147, 1791402483135780079, 
-1.6683682203292847, 0.7984020709991455, -2.9683794977222915, 1791402483184750014, 
-1.6872950792312622, 0.7949923872947693, -2.9508390716889523, 1791402483232321335, 
-1.706072449684143, 0.7912476658821106, -2.932686317915566, 1791402483280313541, 
-1.724794864654541, 0.7873097062110901, -2.913246400095787, 1791402483328307712, 
-1.7440438270568848, 0.7826211452484131, -2.894583908986469, 1791402483376385780, 
-1.7639105319976807, 0.7774340510368347, -2.8765998137644653, 1791402483425305014, 
-1.7826873064041138, 0.7722404599189758, -2.861279954603965, 1791402483472012872, 
-1.8079767227172852, 0.7646483182907104, -2.838397261353762, 1791402483536079531, 
-1.8270769119262695, 0.7585085034370422, -2.8201387178244275, 1791402483585329218, 
-1.8451865911483765, 0.7525380253791809, -2.8023383426199073, 1791402483632328005, 
-1.863979697227478, 0.7457189559936523, -2.786023356162817, 1791402483680329014, 
-1.882418155670166, 0.7387350797653198, -2.768690585272299, 1791402483728296058, 
-1.9008493423461914, 0.7313112020492554, -2.7521963067784427, 1791402483776420999, 
-1.9189711809158325, 0.7236307263374329, -2.7355985554812556, 1791402483824282285, 
-1.9369851350784302, 0.7157207131385803, -2.7187509021710334, 1791402483872084395, 
-1.9551165103912354, 0.7074107527732849, -2.7009539514861993, 1791402483920414399, 
-1.9789328575134277, 0.696002185344696, -2.6763110398195105, 1791402483984334746, 
-1.996708869934082, 0.6867726445198059, -2.657888479405178, 1791402484032333262, 
-2.014395236968994, 0.6773524880409241, -2.641949648585307, 1791402484080333526, 
-2.031637191772461, 0.6677588224411011, -2.6266101049577046, 1791402484128290911, 
-2.0489156246185303, 0.6577361822128296, -2.6107268228311313, 1791402484176314769, 
-2.0657589435577393, 0.6476349830627441, -2.593478267698294, 1791402484223710849, 
-2.08274245262146, 0.6371001601219177, -2.5762286866860236, 1791402484272327406, 
-2.0993199348449707, 0.626441240310669, -2.559447064633162, 1791402484319582675, 
-2.121095895767212, 0.6118717193603516, -2.5382083893294065, 1791402484384321302, 
-2.1378672122955322, 0.6000977158546448, -2.52217703617808, 1791402484434333268, 
-2.1535873413085938, 0.5888617634773254, -2.508571187821083, 1791402484480330350, 
-2.169530153274536, 0.5769134163856506, -2.4926047327845557, 1791402484528385394, 
-2.185228109359741, 0.5647760629653931, -2.475172390721594, 1791402484576311714, 
-2.2006993293762207, 0.5525818467140198, -2.456810724651241, 1791402484624343154, 
-2.221348285675049, 0.5352835059165955, -2.4360549652743897, 1791402484688247167, 
